favorite_count,retweet_count,tweet_id
39467,8853,892420643555336193
33819,6514,892177421306343426
25461,4328,891815181378084864
42908,8964,891689557279858688
41048,9774,891327558926688256
20562,3261,891087950875897856
12041,2158,890971913173991426
56848,16716,890729181411237888
28226,4429,890609185150312448
32467,7711,890240255349198849
31166,7624,890006608113172480
28268,5156,889880896479866881
38818,8538,889665388333682689
27672,4735,889638837579907072
15359,2321,889531135344209921
25652,5637,889278841981685760
29611,4709,888917238123831296
26080,4559,888804989199671297
20290,3732,888554962724278272
22201,3653,888078434458587136
30779,5609,887705289381826560
46959,12082,887517139158093824
69871,18781,887473957103951883
34222,10737,887343217045368832
31061,6167,887101392804085760
35859,8084,886983233522544640
12306,3443,886736880519319552
22798,4610,886680336477933568
21524,3316,886366144734445568
117,4,886267009285017600
28469,6523,886258384151887873
0,108,886054160059072513
33382,7097,885984800019947520
36689,6683,885528943205470208
20788,3899,885518971528720385
0,19297,885311592912609280
22367,4556,885167619883638784
68152,16439,884925521741709313
28514,6096,884876753390489601
24765,5100,884562892145688576
27478,5856,884441805382717440
74423,21298,884247878851493888
20771,3128,884162670584377345
22349,3586,883838122936631299
46860,10407,883482846933004288
22986,3825,883360690899218434
37914,6949,883117836046086144
24445,4122,882992080364220416
28903,5134,882762694511734784
28382,6342,882627270321602560
45880,12118,882268110199369728
29900,5203,882045870035918850
24773,3533,881906580714921986
51522,11099,881666595344535552
129,7,881633300179243008
50199,16570,881536004380872706
23501,5358,881268444196462592
17346,2886,880935762899988482
21734,3989,880872448815771648
29075,6546,880465832366813184
27640,4436,880221127280381952
28150,4533,880095782870896641
22667,3642,879862464715927552
315,10,879674319642796034
23822,3323,879492040517615616
107956,45849,879415818425184262
17099,3261,879376492567855104
0,7181,879130579576475649
23022,4941,879050749262655488
19317,2812,879008229531029506
19763,4319,878776093423087618
30931,7582,878604707211726852
0,1349,878404777348136964
0,6965,878316110768087041
7913,1349,878281511006478336
42876,7181,878057613040115712
71144,17300,877736472329191424
0,83,877611172832227328
23258,3994,877556246731214848
27907,5414,877316821321428993
27755,5880,877201837425926144
21125,3506,876838120628539392
23869,4800,876537666061221889
19163,2511,876484053909872640
28490,4903,876120275196170240
25773,4497,875747767867523072
22185,5081,875144289856114688
27997,6342,875097192612077568
26022,4922,875021211251597312
28439,4875,874680097055178752
0,15546,874434818259525634
26651,4308,874296783580663808
23134,4125,874057562936811520
35501,11007,874012996292530176
0,12518,873697596434513921
24837,4143,873580283840344065
0,1667,873337748698140672
7467,1667,873213775632977920
28031,5669,872967104147763200
15029,3884,872820683541237760
0,31,872668790621863937
21309,3911,872620804844003328
41606,9429,872486979161796608
35085,6649,872261713294495745
35324,8549,872122724285648897
39090,11918,871879754684805121
20787,3678,871762521631449091
20730,3628,871515927908634625
0,5991,871166179821445120
21461,5764,871102520638267392
23255,3999,871032628920680449
33791,6393,870804317367881728
121,3,870726314365509632
12819,2817,870656317836468226
85011,27680,870374049280663552
22453,4384,870308999962521604
37771,8840,870063196459192321
0,25661,869988702071779329
43710,10663,869772420881756160
29116,6728,869702957897576449
16476,3327,869596645499047938
21112,4023,869227993411051520
55098,12518,868880397819494401
0,2240,868639477480148993
28295,6275,868622495443632128
10539,2240,868552278524837888
24964,4439,867900495410671616
35179,7788,867774946302451713
16755,2697,867421006826221569
0,135,867072653475098625
33420,8425,867051520902168576
0,32883,866816280283807744
20888,5168,866720684873056260
20070,3727,866686824827068416
106827,32883,866450705531457537
54720,15546,866334964761202691
0,8952,866094527597207552
26640,6008,865718153858494464
27530,5384,865359393868664832
29063,8209,865006731092295680
33651,9361,864873206498414592
15195,3266,864279568663928832
31459,9616,864197398364647424
21477,4441,863907417377173506
15935,4489,863553081350529029
0,2687,863471782782697472
24829,5664,863432100342583297
2363,105,863427515083354112
9094,1195,863079547188785154
8945,2687,863062471531167744
20011,5457,862831371563274240
17779,3809,862722525377298433
21492,5388,862457590147678208
66437,21840,862096992088072192
0,37911,861769973181624320
37744,11528,861383897657036800
18032,4479,861288531465048066
17538,4119,861005113778896900
0,2334,860981674716409858
0,882,860924035999428608
7878,2334,860563773140209665
24678,5698,860524505164394496
19154,3745,860276583193509888
17474,6295,860184849394610176
0,33421,860177593139703809
20021,4349,859924526012018688
16105,3780,859851578198683649
19476,1704,859607811541651456
75193,25661,859196978902773760
35553,14740,859074603037188101
0,8805,858860390427611136
16304,3771,858843525470990336
22640,5271,858471635011153920
16524,3154,858107933456039936
16952,2812,857989990357356544
36021,11524,857746408056729600
6236,1785,857393404942143489
21041,4934,857263160327368704
242,20,857214891891077121
0,183,857062103051644929
19910,4364,857029823797047296
0,11633,856602993587888130
17135,3131,856543823941562368
12446,2068,856526610513747968
0,731,856330835276025856
545,17,856288084350160898
29086,6841,856282028240666624
320,27,855862651834028034
4407,1058,855860136149123072
12498,2313,855857698524602368
47844,19196,855851453814013952
28056,5943,855818117272018944
31657,8987,855459453768019968
0,6568,855245323840757760
0,50,855138241867124737
24188,6690,854732716440526848
31131,7608,854482394044301312
20046,5159,854365224396361728
33911,8285,854120357044912130
17169,3433,854010172552949760
30414,6403,853760880890318849
37198,11265,853639147608842240
16508,3928,853299958564483072
0,2243,852936405516943360
9658,2037,852912242202992640
15939,2388,852672615818899456
17492,3885,852553447878664193
35325,10961,852311364735569921
21378,7570,852226086759018497
12217,1741,852189679701164033
0,10706,851953902622658560
0,23,851861385021730816
17300,3819,851591660324737024
25944,7855,851464819735769094
22090,6350,851224888060895234
33348,10352,850753642995093505
13994,2915,850380195714523136
3647,367,850333567704068097
17519,4244,850145622816686080
21944,5459,850019790995546112
32390,8404,849776966551130114
0,5513,849668094696017920
17039,3487,849412302885593088
12240,2101,849336543269576704
32617,7396,849051919805034497
27104,4826,848690551926992896
20229,4037,848324959059550208
8834,832,848213670039564288
17618,3444,848212111729840128
0,3652,847978865427394560
0,482,847971574464610304
25296,5730,847962785489326080
5935,1522,847842811428974592
7558,468,847617282490613760
20208,3774,847606175596138505
22036,4800,847251039262605312
21588,6572,847157206088847362
23108,3583,847116187444137987
21685,4404,846874817362120707
48410,13076,846514051647705089
15304,3492,846505985330044928
34394,10226,846153765933735936
33188,10972,846139713627017216
17256,3224,846042936437604353
31737,9894,845812042753855489
27154,5365,845677943972139009
0,15071,845459076796616705
8241,2072,845397057150107648
25225,6039,845306882940190720
0,8640,845098359547420673
14738,2909,844979544864018432
16361,3617,844973813909606400
42022,11633,844704788403113984
17871,3533,844580511645339650
14753,2450,844223788422217728
16327,3285,843981021012017153
23211,5220,843856843873095681
18310,3081,843604394117681152
23315,6852,843235543001513987
0,56625,842892208864923648
16440,4023,842846295480000512
7321,1439,842765311967449089
19637,3937,842535590457499648
26569,6568,842163532590374912
15204,3386,842115215311396866
0,17504,841833993020538882
27854,8748,841680585030541313
13755,4168,841439858740625411
21402,6080,841320156043304961
17305,5312,841314665196081154
24926,5991,841077006473256960
0,1972,840761248237133825
0,18285,840728873075638272
197,3,840698636975636481
13377,1116,840696689258311684
9761,1972,840632337062862849
17918,5146,840370681858686976
20950,6497,840268004936019968
14640,2597,839990271299457024
29957,8805,839549326359670784
0,158,839290600511926273
29684,7422,839239871831150596
21289,4505,838952994649550848
12183,2357,838921590096166913
0,38,838916489579200512
0,12643,838831947270979586
11892,1504,838561493054533637
24664,5484,838476387338051585
0,11525,838201503651401729
1824,370,838150277551247360
150,0,838085839343206401
19183,3582,838083903487373313
37277,8952,837820167694528512
4204,495,837482249356513284
13967,2631,837471256429613056
23074,6005,837366284874571778
17480,2731,837110210464448512
0,88,837012587749474308
13879,2610,836989968035819520
21029,5237,836753516572119041
13782,2522,836677758902222849
0,626,836648853927522308
0,31314,836397794269200385
16037,3337,836380477523124226
23177,4850,836260088725786625
20924,4935,836001077879255040
0,9327,835685285446955009
19447,4121,835574547218894849
0,1939,835536468978302976
0,24013,835309094223372289
17847,3381,835297930240217089
8503,1939,835264098648616962
2259,83,835246439529840640
28552,6516,835172783151792128
24574,3443,835152434251116546
11838,1878,834931633769889797
22943,6159,834786237630337024
14993,2882,834574053763584002
0,12224,834477809192075265
10512,1899,834458053273591808
22594,5476,834209720923721728
17194,4130,834167344700198914
10971,2427,834089966724603904
14296,2512,834086379323871233
14661,2729,833863086058651648
16728,3904,833826103416520705
0,251,833732339549220864
22585,3636,833722901757046785
16258,2357,833479644947025920
22133,5513,833124694597443584
14549,2522,832998151111966721
0,43,832769181346996225
18423,4127,832757312314028032
13017,3368,832682457690300417
3195,594,832645525019123713
17379,3220,832636094638288896
13126,2548,832397543355072512
18792,3652,832369877331693569
12385,2673,832273440279240704
0,7069,832215909146226688
0,10723,832215726631055365
72,3,832088576586297345
0,11131,832040443403784192
13887,4746,832032802820481025
26404,7031,831939777352105988
369,39,831926988323639298
30380,7458,831911600680497154
11469,2059,831670449226514432
7908,2243,831650051525054464
9872,2632,831552930092285952
10042,1744,831322785565769729
7117,1264,831315979191906304
12819,2786,831309418084069378
13066,2350,831262627380748289
8735,1735,830956169170665475
73397,19297,830583320585068544
0,6554,830173239259324417
10804,3455,830097400375152640
0,5757,829878982036299777
13441,2243,829861396166877184
34913,12224,829501995190984704
11519,2329,829449946868879360
38074,10706,829374341691346946
26952,8530,829141528400556032
58302,18627,829011960981237760
0,3901,828801551087042563
28085,6746,828770345708580865
40241,12882,828708714936930305
10467,1544,828650029636317184
6898,1305,828409743546925057
8398,1477,828408677031882754
13864,2554,828381636999917570
8112,1216,828376505180889089
13756,3344,828372645993398273
2408,195,828361771580813312
12923,3260,828046555563323392
11411,2451,828011680017821696
22180,5987,827933404142436356
16983,3433,827653905312006145
8143,1082,827600520311402496
17523,3510,827324948884643840
0,13517,827228250799742977
11659,2579,827199976799354881
23767,5757,826958653328592898
40325,11878,826848821049180160
0,4521,826615380357632002
5637,292,826598799820865537
11117,2709,826598365270007810
20275,4821,826476773533745153
14614,2965,826240494070030336
5361,1075,826204788643753985
17299,3599,826115272272650244
11525,2146,825876512159186944
14025,2848,825829644528148480
56413,19669,825535076884762624
20181,5244,825147591692263424
0,1483,825120256414846976
7020,1483,825026590719483904
0,6288,824796380199809024
16508,4069,824775126675836928
11113,1993,824663926340194305
12999,11848,824325613288833024
16625,4463,824297048279236611
5255,679,824025158776213504
11755,3123,823939628516474880
0,12953,823719002937630720
13826,2772,823699002998870016
14376,3031,823581115634085888
777,31,823333489516937216
17437,4637,823322678127919110
0,11421,823269594223824897
19139,3958,822975315408461824
132810,48265,822872901745569793
14576,2622,822859134160621569
0,7390,822647212903690241
16327,3423,822610361945911296
20083,7390,822489057087389700
31800,17209,822462944365645825
38832,11421,822244816520155136
0,5571,822163064745328640
12582,2692,821886076407029760
0,3839,821813639212650496
9317,1899,821765923262631936
8871,2030,821522889702862852
0,6470,821421320206483457
13075,5053,821407182352777218
280,10,821153421864615936
9718,2320,821149554670182400
10645,2487,821107785811234820
14021,2636,821044531881721856
0,7733,820837357901512704
34984,11525,820749716845686786
13518,3716,820690176645140481
0,648,820494788566847489
0,2980,820446719150292993
3706,648,820314633777061888
21979,7246,820078625395449857
0,1369,820013781606658049
5927,1369,819952236453363712
14305,5607,819924195358416896
14916,3604,819711362133872643
10606,2271,819588359383371776
8008,1383,819347104292290561
2550,462,819238181065359361
25652,7733,819227688460238848
0,42228,819015337530290176
0,21794,819015331746349057
49960,21794,819006400881917954
95450,42228,819004803107983360
0,24069,818646164899774465
24597,8564,818627210458333184
10971,2982,818614493328580609
0,7126,818588835076603904
12127,2873,818536468981415936
0,9366,818307523543449600
12197,2621,818259473185828864
13671,3014,818145370475810820
5356,906,817908911860748288
57622,31314,817827839487737858
11901,3084,817777686764523521
13105,3505,817536400337801217
0,3917,817502432452313088
38260,17504,817423860136083457
6267,1131,817415592588222464
0,9907,817181837579653120
9690,2326,817171292965273600
13367,3011,817120970343411712
9517,1927,817056546584727552
0,5496,816829038950027264
11071,2361,816816676327063552
10905,2545,816697700272001025
33961,9366,816450570814898180
9564,2269,816336735214911488
9927,2500,816091915477250048
0,1207,816062466425819140
0,6154,816014286006976512
5545,1207,815990720817401858
25057,9907,815966073409433600
0,4797,815745968457060357
10937,2625,815736392542261248
9161,1918,815639385530101762
11467,4407,815390420867969024
8485,1505,814986499976527872
12511,3130,814638523311648768
0,6750,814578408554463233
9629,2156,814530161257443328
32000,10080,814153002265309185
0,3732,813944609378369540
10342,2194,813910438903693312
40402,16267,813812741911748608
9300,2060,813800681631023104
20783,8476,813217897535406080
10192,2090,813202720496779264
22085,5096,813187593374461952
10384,2236,813172488309972993
8588,2557,813157409116065792
9361,2728,813142292504645637
4968,513,813130366689148928
13242,3652,813127251579564032
11515,3225,813112105746448384
11694,4207,813096984823349248
10989,3220,813081950185472002
8865,2276,813066809284972545
23337,8503,813051746834595840
8380,2191,812781120811126785
0,8067,812747805718642688
7373,1665,812709060537683968
6787,1424,812503143955202048
8900,2231,812466873996607488
15224,4252,812372279581671427
8102,1647,811985624773361665
8429,1884,811744202451197953
6215,872,811647686436880384
14265,3650,811627233043480576
23302,7444,811386762094317568
5927,1655,810984652412424192
10093,2090,810896069567610880
12192,3057,810657578271330305
39640,13369,810284430598270976
16380,3901,810254108431155201
17250,4521,809920764300447744
0,5711,809808892968534016
7727,1696,809448704142938112
22246,6554,809220051211603969
14685,4046,809084759137812480
11271,3536,808838249661788160
8784,2509,808733504066486276
12595,3007,808501579447930884
47281,24069,808344865868283904
0,6961,808134635716833280
9701,2525,808106460588765185
14015,4098,808001312164028416
16236,4288,807621403335917568
107015,56625,807106840509214720
0,8521,807059379405148160
14514,4418,807010152071229440
75639,37911,806629075125202948
0,6426,806620845233815552
5370,2230,806576416489959424
11363,2752,806542213899489280
0,13616,806242860592926720
7145,1388,806219024703037440
0,6238,805958939288408065
9178,2209,805932879469572096
7335,2132,805826884734976000
0,9374,805823200554876929
6368,1905,805520635690676224
9773,2929,805487436403003392
8680,1972,805207613751304193
15326,4480,804738756058218496
6886,2355,804475857670639616
0,3712,804413760345620481
49774,18876,804026241225523202
11203,3220,803773340896923648
0,8689,803692223237865472
12270,4828,803638050916102144
8601,2169,803380650405482500
0,6221,803321560782307329
11207,2887,803276597545603072
10085,2336,802952499103731712
0,3403,802624713319034886
7938,1714,802600418706604034
9959,2926,802572683846291456
18124,6808,802323869084381190
7039,1573,802265048156610565
0,5247,802247111496568832
10132,3040,802239329049477120
0,314,802185808107208704
8608,1992,801958328846974976
1958,275,801854953262350336
9141,2391,801538201127157760
6802,960,801285448605831168
27386,6961,801167903437357056
0,4627,801127390143516673
8992,2429,801115127852503040
778,113,800859414831898624
0,1889,800855607700029440
11701,3214,800751577355128832
14685,3495,800513324630806528
10538,2489,800459316964663297
0,5068,800443802682937345
12456,3265,800388270626521089
0,4581,800188575492947969
17092,2980,800141422401830912
31768,15351,800018252395122689
0,5488,799774291445383169
9390,2506,799757965289017345
8965,2213,799422933579902976
0,6478,799308762079035393
11065,3227,799297110730567681
9058,2863,799063482566066176
14712,5203,798933969379225600
8246,1663,798925684722855936
0,7724,798705661114773508
0,9126,798701998996647937
0,7602,798697898615730177
0,5812,798694562394996736
0,2702,798686750113755136
0,5515,798682547630837760
0,6485,798673117451325440
0,4519,798665375516884993
0,2153,798644042770751489
0,2272,798628517273620480
0,6618,798585098161549313
0,6871,798576900688019456
0,3924,798340744599797760
11548,2954,798209839306514432
13018,3652,797971864723324932
16198,5656,797545162159308800
22328,7726,797236660651966464
256,32,797165961484890113
0,10411,796904159865868288
8564,2198,796865951799083009
13256,3562,796759840936919040
0,8536,796563435802726400
8472,2042,796484825502875648
12334,4861,796387464403357696
0,16628,796177847564038144
36177,16628,796149749086875649
5511,2079,796125600683540480
10139,2813,796116448414461957
9469,2703,796080075804475393
12071,4284,796031486298386433
55683,27728,795464331001561088
11270,3323,795400264262053889
18139,6288,795076730285391872
0,3942,794983741416415232
11492,2697,794926597468000259
0,12014,794355576146903043
10686,3088,794332329137291264
10314,3895,794205286408003585
18910,5711,793962221541933056
10295,2187,793845145112371200
0,3661,793614319594401792
8926,1908,793601777308463104
11953,2786,793500921481273345
27597,10723,793286476301799424
9677,2763,793271401113350145
22350,9714,793256262322548741
11780,3812,793241302385262592
11001,3338,793226087023144960
9997,3301,793210959003287553
17063,6547,793195938047070209
7740,2310,793180763617361921
10478,3238,793165685325201412
6909,1984,793150605191548928
7214,2893,793135492858580992
14202,4551,793120401413079041
16063,4715,792913359805018113
12666,4964,792883833364439040
8209,1963,792773781206999040
15128,4998,792394556390137856
8029,2088,792050063153438720
0,24514,791821351946420224
0,11271,791784077045166082
0,4432,791780927877898241
37818,21156,791774931465953280
13129,3661,791672322847637504
14670,4797,791406955684368384
9841,2963,791312159183634433
0,4858,791026214425268224
11089,2483,790987426131050500
18601,5496,790946055508652032
0,2704,790723298204217344
9158,2203,790698755171364864
22473,8183,790581949425475584
8740,2167,790337589677002753
14081,3732,790277117346975746
0,4190,790227638568808452
10369,2704,789986466051088384
0,4839,789960241177853952
11673,4858,789903600034189313
8448,2080,789628658055020548
7620,2279,789599242079838210
13188,3942,789530877013393408
9615,2666,789314372632018944
0,5747,789280767834746880
10196,3014,789268448748703744
10875,3244,789137962068021249
30653,14409,788908386943430656
30658,12014,788765914992902144
0,8407,788552643979468800
16060,5990,788412144018661376
8100,2488,788178268662984705
6865,1510,788150585577050112
0,3952,788070120937619456
6867,1535,788039637453406209
9717,3540,787810552592695296
11416,3240,787717603741622272
12120,3300,787397959788929025
8726,2032,787322443945877504
0,7798,787111942498508800
29725,9327,786963064373534720
0,2827,786729988674449408
20296,7069,786709082849828864
11957,2996,786664955043049472
10497,3601,786595970293370880
12189,4072,786363235746385920
8930,3352,786286427768250368
17178,5571,786233965241827333
1614,179,786051337297522688
0,8237,786036967502913536
12696,3652,785927819176054784
7489,2130,785872687017132033
8735,2561,785639753186217984
10183,2334,785533386513321988
6800,1477,785515384317313025
8128,1911,785264754247995392
13491,5639,785170936622350336
11310,3712,784826020293709826
10039,2970,784517518371221505
6329,1491,784431430411685888
22513,9374,784183165795655680
33505,12953,784057939640352768
33689,12643,783839966405230592
8209,2269,783821107061198850
11650,3737,783695101801398276
9468,2608,783466772167098368
18908,6441,783391753726550016
0,6533,783347506784731136
32651,13616,783334639985389568
9112,2565,783085703974514689
26949,8521,782969140009107456
8310,1604,782747134529531904
19250,6238,782722598790725632
8694,2184,782598640137187329
18630,6470,782305867769217024
0,7236,782021823840026624
12357,3920,781955203444699136
11634,3129,781661882474196992
4466,1314,781655249211752448
23163,6426,781524693396357120
7973,2961,781308096455073793
9428,2458,781251288990355457
10895,3168,781163403222056960
24192,8536,780931614150983680
8033,2328,780858289093574656
6141,1505,780800785462489090
13525,3839,780601303617732608
7040,2032,780543529827336192
0,4319,780496263422808064
0,136,780476555013349377
5892,1224,780459368902959104
9712,2589,780192070812196864
0,2655,780092040432480260
13723,5815,780074436359819264
21252,8237,779834332596887552
9831,3613,779377524342161408
0,21324,779124354206535695
13206,4207,779123168116150273
16500,5247,779056095788752897
22342,8437,778990705243029504
0,11550,778774459159379968
955,426,778764940568104960
7717,1562,778748913645780993
6430,1729,778650543019483137
5177,1176,778624900596654080
15135,5023,778408200802557953
0,14198,778396591732486144
6515,1271,778383385161035776
11576,3836,778286810187399168
9417,3065,778039087836069888
7320,1885,778027034220126208
0,4080,777953400541634568
7078,1893,777885040357281792
12518,3403,777684233540206592
0,4947,777641927919427584
9742,2910,777621514455814149
15921,4999,777189768882946048
0,15839,776819012571455488
5444,1405,776813020089548800
9858,3249,776477788987613185
0,10673,776249906839351296
33345,18497,776218204058357768
10681,2919,776201521193218049
13102,5068,776113305656188928
2045,179,776088319444877312
0,17621,775898661951791106
13022,3116,775842724423557120
15413,4627,775733305207554048
14361,5302,775729183532220416
8295,3472,775364825476165632
11309,4532,775350846108426240
0,9220,775096608509886464
17281,5488,775085132600442880
9462,2035,774757898236878852
7508,2013,774639387460112384
24167,6478,774314403806253056
11925,4492,773985732834758656
7110,1999,773922284943896577
7317,1891,773704687002451968
5935,1501,773670353721753600
24553,7126,773547596996571136
0,5912,773336787167145985
25846,8640,773308824254029826
10414,3699,773247561583001600
11117,4736,773191612633579521
9555,4501,772877495989305348
8842,2669,772826264096874500
0,3914,772615324260794368
7192,1968,772581559778025472
6665,1612,772193107915964416
4181,1300,772152991789019136
4165,848,772117678702071809
3005,546,772114945936949249
4448,1065,772102971039580160
7298,2181,771908950375665664
13356,3924,771770456517009408
9167,3018,771500966810099713
11746,5912,771380798096281600
0,8705,771171053431250945
10223,3357,771136648247640064
6898,1663,771102124360998913
7032,1782,771014301343748096
5498,1415,770787852854652928
5749,1626,770772759874076672
0,52360,770743923962707968
8130,2013,770655142660169732
6987,2390,770414278348247044
6923,1718,770293558247038976
0,3520,770093767776997377
8385,2651,770069151037685760
34948,11131,769940425801170949
7101,1926,769695466921623552
0,8830,769335591808995329
5980,1969,769212283578875904
16017,7574,768970937022709760
0,3129,768909767477751808
4660,1034,768855141948723200
4580,1382,768609597686943744
5592,1473,768596291618299904
0,6719,768554158521745409
15110,3958,768473857036525572
12157,4080,768193404517830656
5309,1634,767884188863397888
17814,6221,767754930266464257
8295,2688,767500508068192258
13643,4406,767191397493538821
11227,3261,767122157629476866
0,6521,766864461642756096
5650,1565,766793450729734144
2872,438,766714921925144576
4484,918,766693177336135680
6671,1825,766423258543644672
7493,2166,766313316352462849
0,2970,766078092750233600
4765,1003,766069199026450432
4149,571,766008592277377025
8021,2475,765719909049503744
5760,1407,765669560888528897
20539,3127,765395769549590528
7842,2475,765371061932261376
12902,3914,765222098633691136
7099,2029,764857477905154048
6718,1745,764259802650378240
812,61,763956972077010945
14041,4858,763837565564780549
6004,1702,763183847194451968
0,3484,763167063695355904
8163,2602,763103485927849985
13518,4190,762699858130116608
12571,7612,762471784394268675
11503,4839,762464539388485633
5350,1298,762316489655476224
35400,17919,762035686371364864
5992,2310,761976711479193600
0,4535,761750502866649088
4707,979,761745352076779520
55016,33421,761672994376806400
4578,1336,761599872357261312
0,20500,761371037149827077
5792,1669,761334018830917632
4957,1265,761292947749015552
5908,1775,761227390836215808
12482,3952,761004547850530816
4228,1104,760893934457552897
7343,2210,760656994973933572
5485,1481,760641137271070720
8399,4168,760539183865880579
4681,1608,760521673607086080
29618,13140,760290219849637889
4338,995,760252756032651264
6334,2079,760190180481531904
0,38,760153949710192640
6581,2382,759943073749200896
16284,6521,759923798737051648
7433,2265,759846353224826880
6620,2173,759793422261743616
0,24319,759566828574212096
5202,1341,759557299618865152
9418,2827,759447681597108224
1846,561,759446261539934208
6725,2221,759197388317847553
0,1359,759159934323924993
16101,4813,759099523532779520
7227,2302,759047813560868866
3904,1027,758854675097526272
12376,4376,758828659922702336
6339,1824,758740312047005698
4227,1132,758474966123810816
5316,2539,758467244762497024
5756,2204,758405701903519748
3797,1245,758355060040593408
21302,11550,758099635764359168
3001,433,758041019896193024
7613,3710,757741869644341248
0,9299,757729163776290825
5022,1391,757725642876129280
5026,1272,757611664640446465
0,336,757597904299253760
4808,1219,757596066325864448
16743,7759,757400162377592832
6462,2009,757393109802180609
4995,1637,757354760399941633
6923,2271,756998049151549440
7342,2295,756939218950160384
5612,1511,756651752796094464
11506,4169,756526248105566208
4359,1231,756303284449767430
28519,15071,756288534030475264
7114,1738,756275833623502848
8092,3285,755955933503782912
18212,6148,755206590534418437
23446,12621,755110668769038337
0,9193,754874841593970688
7616,2870,754856583969079297
2854,591,754747087846248448
5852,2220,754482103782404096
4147,846,754449512966619136
8655,2670,754120377874386944
9726,4079,754011816964026368
6458,2492,753655901052166144
8731,4071,753420520834629632
6384,2186,753398408988139520
8411,2655,753375668877008896
0,6620,753298634498793472
3758,1191,753294487569522689
41080,24013,753039830821511168
4283,1109,753026973505581056
13970,7798,752932432744185856
7592,1790,752917284578922496
0,3291,752701944171524096
6642,1846,752682090207055872
4878,1794,752660715232722944
6140,2605,752568224206688256
8157,3917,752519690950500352
4238,1263,752334515931054080
0,18963,752309394570878976
6569,2106,752173152931807232
3415,1060,751950017322246144
5770,1530,751937170840121344
6428,2227,751830394383790080
6479,3320,751793661361422336
8699,3440,751598357617971201
4849,1265,751583847268179968
5547,1445,751538714308972544
3516,1127,751456908746354688
13791,6695,751251247299190784
6948,2086,751205363882532864
5610,1480,751132876104687617
5306,1595,750868782890057730
14621,5747,750719632563142656
4934,1316,750506206503038976
14569,4947,750429297815552001
5005,1309,750383411068534784
758,39,750381685133418496
3409,1095,750147208377409536
3990,1440,750132105863102464
4740,1466,750117059602808832
3344,959,750101899009982464
2383,613,750086836815486976
8653,3802,750071704093859840
3444,1011,750056684286914561
3502,703,750041628174217216
2986,888,750026558547456000
3568,1035,750011400160841729
3331,919,749996283729883136
5569,2772,749981277374128128
5114,1493,749774190421639168
6721,1904,749417653287129088
2892,622,749403093750648834
9488,3951,749395845976588288
6076,2509,749317047558017024
6353,2360,749075273010798592
5277,1714,749064354620928000
3425,896,749036806121881602
11235,3759,748977405889503236
6461,2564,748932637671223296
3047,1067,748705597323898880
5213,1814,748699167502000129
4659,1504,748692773788876800
6696,2272,748575535303884801
2411,776,748568946752774144
5735,1413,748346686624440324
8462,4701,748337862848962560
4078,867,748324050481647620
4027,810,748307329658011649
15549,8825,748220828303695873
6397,2444,747963614829678593
7310,2894,747933425676525569
3243,1116,747885874273214464
3084,851,747844099428986880
5346,1316,747816857231626240
1520,179,747651430853525504
14182,6614,747648653817413632
2545,619,747600769478692864
4065,1205,747594051852075008
6110,1803,747512671126323200
4249,1169,747461612269887489
5965,2184,747439450712596480
0,3257,747242308580548608
5792,1791,747219827526344708
3722,1038,747204161125646336
10534,4548,747103485104099331
3168,336,746906459439529985
6593,2429,746872823977771008
5807,1944,746818907684614144
5345,1806,746790600704425984
10520,4432,746757706116112384
6648,2037,746726898085036033
5520,2104,746542875601690625
0,1110,746521445350707200
5094,1226,746507379341139972
6637,1854,746369468511756288
7565,2511,746131877086527488
3904,931,746056683365994496
4437,1207,745789745784041472
7652,2636,745712589599014916
7824,2894,745433870967832576
9412,2768,745422732645535745
7863,3131,745314880350101504
8605,3976,745074613265149952
7945,2585,745057283344719872
3277,716,744995568523612160
8652,3042,744971049620602880
6150,1771,744709971296780288
7443,2412,744334592493166593
131075,79515,744234799360020481
1868,424,744223424764059648
4551,1231,743980027717509120
3999,1087,743895849529389061
0,2387,743835915802583040
4917,1560,743609206067040256
20275,7445,743595368194129920
3863,1066,743545585370791937
8671,4185,743510151680958465
4624,1366,743253157753532416
6792,2164,743222593470234624
4215,1560,743210557239623680
7744,4011,742534281772302336
4878,2245,742528092657332225
7916,4382,742465774154047488
10812,4319,742423170473463808
7457,2266,742385895052087300
4743,1547,742161199639494656
5661,1783,742150209887731712
4982,1698,741793263812808706
8945,3144,741743634094141440
4026,937,741438259667034112
9631,3650,741303864243200000
10997,6247,741099773336379392
10342,3520,741067306818797568
7018,3154,740995100998766593
3736,1062,740711788199743490
3101,888,740699697422163968
19881,7724,740676976021798912
20648,9220,740373189193256964
2727,495,740365076218183684
3610,967,740359016048689152
7335,2220,740214038584557568
21898,6719,739979191639244800
4443,1217,739932936087216128
4138,966,739844404073074688
4185,1547,739623569819336705
5897,1876,739606147276148736
43694,24319,739544079319588864
7887,3309,739485634323156992
75163,52360,739238157791694849
115,6,738891149612572673
4127,1283,738885046782832640
3661,917,738883359779196928
5575,1759,738537504001953792
3599,955,738402415918125056
4727,1360,738184450748633089
9635,3828,738166403467907072
2768,748,738156290900254721
5757,2006,737826014890496000
10943,3904,737800304142471168
5528,1509,737678689543020544
11302,5048,737445876994609152
3953,907,737322739594330112
16040,8329,737310737551491075
4736,1972,736736130620620800
19450,8407,736392552031657984
4367,1408,736365877722001409
8901,3115,736225175608430592
8652,3355,736010884653420544
3934,1283,735991953473572864
4397,1237,735648611367784448
6776,2659,735635087207878657
9629,4707,735274964362878976
3675,993,735256018284875776
3428,1092,735137028879360001
2993,572,734912297295085568
13745,7102,734787690684657664
2742,608,734776360183431168
1646,451,734559631394082816
3926,881,733828123016450049
4015,1141,733822306246479872
3438,1065,733482008106668032
4605,1451,733460102733135873
44619,17621,733109485275860992
2671,599,732732193018155009
3855,1003,732726085725589504
4016,868,732585889486888962
8832,2838,732375214819057664
16324,6154,732005617171337216
3798,1090,731285275100512256
4196,1434,731156023742988288
6682,2234,730924654643314689
5407,2435,730573383004487680
3809,1176,730427201120833536
4180,1182,730211855403241472
5339,2172,730196704625098752
4396,1268,729854734790754305
1856,431,729838605770891264
4358,1390,729823566028484608
6340,2586,729463711119904772
2054,370,729113531270991872
3460,917,728986383096946689
5090,1911,728760639972315136
3032,757,728751179681943552
3620,1169,728653952833728512
5383,2269,728409960103686147
3999,1075,728387165835677696
4722,1328,728046963732717569
4953,1872,728035342121635841
4479,1219,728015554473250816
3206,720,727685679342333952
6431,1962,727644517743104000
4900,1379,727524757080539137
3623,834,727314416056803329
3324,920,727286334147182592
4209,1540,727175381690781696
3983,1490,727155742655025152
7496,2738,726935089318363137
4195,1677,726887082820554753
3882,1124,726828223124897792
4811,1302,726224900189511680
7691,2970,725842289046749185
4537,1527,725786712245440512
5646,2009,725729321944506368
1541,703,725458796924002305
4040,1462,724983749226668032
2593,725,724771698126512129
5800,1847,724405726123311104
4738,1984,724049859469295616
2901,620,724046343203856385
4561,1790,724004602748780546
4236,1374,723912936180330496
8435,3347,723688335806480385
3291,1011,723673163800948736
5761,2110,723179728551723008
4493,1764,722974582966214656
5393,1831,722613351520608256
5086,2124,721503162398597120
2748,686,721001180231503872
3400,866,720785406564900865
2702,760,720775346191278080
4503,1681,720415127506415616
6974,2840,720389942216527872
3131,1098,720340705894408192
4229,1268,720059472081784833
5332,2253,720043174954147842
5281,1979,719991154352222208
4974,1645,719704490224398336
5515,2192,719551379208073216
3022,827,719367763014393856
4822,1403,719339463458033665
3711,1078,719332531645071360
3818,1231,718971898235854848
5720,1973,718939241951195136
20697,9126,718631497683582976
2669,542,718613305783398402
2730,1137,718540630683709445
2846,602,718460005985447936
5320,1685,718454725339934721
2115,565,718246886998687744
4217,1127,718234618122661888
2660,670,717841801130979328
3170,1272,717790033953034240
6281,2069,717537687239008257
1748,510,717428917016076293
3446,945,717421804990701568
6826,2135,717047459982213120
3583,1102,717009362452090881
4627,1317,716802964044845056
5204,1474,716791146589110272
1339,475,716730379797970944
14327,6643,716447146686459905
2574,247,716439118184652801
3041,1225,716285507865542656
5272,1935,716080869887381504
3485,987,715928423106027520
4085,1596,715758151270801409
5093,1920,715733265223708672
3055,634,715704790270025728
4257,1454,715696743237730304
4719,1813,715680795826982913
5955,1772,715360349751484417
3294,768,715342466308784130
2630,736,715220193576927233
5578,2110,715200624753819648
4550,1392,715009755312439296
4094,1166,714982300363173890
8028,4816,714962719905021952
4503,1595,714957620017307648
3571,1122,714631576617938945
3938,1038,714606013974974464
2962,1313,714485234495041536
3281,808,714258258790387713
3570,940,714251586676113411
2480,990,714214115368108032
4673,1569,714141408463036416
3564,869,713919462244790272
2078,616,713909862279876608
3062,829,713900603437621249
5308,1541,713761197720473600
4802,1440,713411074226274305
7854,3183,713177543487135744
4851,1630,713175907180089344
20378,7602,712809025985978368
13474,5616,712717840512598017
4531,1367,712668654853337088
5799,1756,712438159032893441
269,26,712309440758808576
4144,1172,712097430750289920
3211,1016,712092745624633345
3531,556,712085617388212225
2451,700,712065007010385924
0,138,711998809858043904
8776,2601,711968124745228288
3095,1101,711743778164514816
9756,4653,711732680602345472
35865,20500,711694788429553666
4228,1037,711652651650457602
3996,1287,711363825979756544
3596,819,711306686208872448
3275,710,711008018775851008
4960,1561,710997087345876993
2775,779,710844581445812225
2937,606,710833117892898816
2529,636,710658690886586372
5227,2624,710609963652087808
4968,2107,710588934686908417
2574,833,710296729921429505
2308,580,710283270106132480
4945,1425,710272297844797440
2613,1257,710269109699739648
3153,1006,710153181850935296
3017,1008,710140971284037632
5999,2233,710117014656950272
3250,1215,709918798883774466
732,112,709901256215666688
3824,1336,709852847387627521
3865,1367,709566166965075968
3593,1204,709556954897764353
1620,277,709519240576036864
2420,665,709449600415961088
2855,788,709409458133323776
2615,647,709225125749587968
13755,6567,709207347839836162
2634,721,709198395643068416
2213,763,709179584944730112
2236,470,709158332880297985
5197,1864,709042156699303936
1941,745,708853462201716736
3226,1015,708845821941387268
1860,571,708834316713893888
18036,7848,708810915978854401
2997,917,708738143638450176
2790,834,708711088997666817
2768,765,708479650088034305
3357,926,708469915515297792
17516,11330,708400866336894977
3929,1520,708356463048204288
2568,831,708349470027751425
4672,1727,708149363256774660
3707,943,708130923141795840
2937,1102,708119489313951744
2124,610,708109389455101952
4799,2166,708026248782585858
3385,1273,707995814724026368
52,2,707983188426153984
2941,1097,707969809498152960
3593,1079,707776935007539200
2718,696,707741517457260545
4495,2785,707738799544082433
3765,1133,707693576495472641
2834,997,707629649552134146
18557,7236,707610948723478529
2499,789,707420581654872064
2486,673,707411934438625280
3835,1490,707387676719185920
3603,1214,707377100785885184
2698,727,707315916783140866
3022,903,707297311098011648
2796,759,707059547140169728
2404,900,707038192327901184
4433,1540,707021089608753152
2502,664,707014260413456384
15961,8830,706904523814649856
2264,680,706901761596989440
3627,1103,706681918348251136
2814,1224,706644897839910912
2363,718,706593038911545345
3778,1580,706538006853918722
3404,1150,706516534877929472
3768,1035,706346369204748288
23443,9034,706310011488698368
1861,522,706291001778950144
2979,1030,706265994973601792
4291,2511,706169069255446529
5636,1819,706166467411222528
1632,437,706153300320784384
3397,842,705975130514706432
3440,1008,705970349788291072
2597,643,705898680587526145
2132,596,705786532653883392
3475,1308,705591895322394625
3231,1045,705475953783398401
4877,1859,705442520700944385
4188,1931,705428427625635840
3290,854,705239209544720384
2829,900,705223444686888960
2342,585,705102439679201280
2378,683,705066031337840642
4585,1245,704871453724954624
2462,612,704859558691414016
5594,1727,704847917308362754
2906,1136,704819833553219584
7283,3257,704761120771465216
3212,1124,704499785726889984
840,97,704491224099647488
3723,1197,704480331685040129
8804,3999,704364645503647744
1729,393,704347321748819968
1653,519,704134088924532736
2031,629,704113298707505153
3201,1028,704054845121142784
2020,526,703774238772166656
3621,1276,703769065844768768
2853,772,703631701117943808
4229,1709,703611486317502464
4162,1559,703425003149250560
2685,786,703407252292673536
3837,1285,703382836347330562
2085,429,703356393781329922
2152,618,703268521220972544
8064,3494,703079050210877440
28996,14198,703041949650034688
2825,811,702932127499816960
1772,509,702899151802126337
3516,1215,702684942141153280
2398,634,702671118226825216
11332,3712,702598099714314240
3134,1091,702539513671897089
3491,1755,702332542343577600
3604,1156,702321140488925184
2706,860,702276748847800320
5268,1526,702217446468493312
3755,1106,701981390485725185
4167,1149,701952816642965504
3905,1558,701889187134500865
3752,1900,701805642395348998
2299,523,701601587219795968
3080,1055,701570477911896070
2902,680,701545186879471618
13475,5812,701214700881756160
2437,653,700890391244103680
2828,685,700864154249383937
2637,558,700847567345688576
2669,1085,700796979434098688
25130,10673,700747788515020802
2887,915,700518061187723268
2487,646,700505138482569216
4537,2031,700462010979500032
2903,836,700167517596164096
2450,754,700151421916807169
8282,3129,700143752053182464
2890,778,700062718104104960
2262,661,700029284593901568
3627,1529,700002074055016451
3345,1088,699801817392291840
2458,557,699788877217865730
3039,1397,699779630832685056
2150,690,699775878809702401
11252,5174,699691744225525762
6515,2938,699446877801091073
2384,577,699434518667751424
1505,383,699423671849451520
2258,688,699413908797464576
2053,497,699370870310113280
3466,983,699323444782047232
2451,715,699088579889332224
2677,745,699079609774645248
3296,1325,699072405256409088
4173,2059,699060279947165696
2863,1345,699036661657767936
3701,1113,698989035503689728
2975,1020,698953797952008193
2787,699,698907974262222848
2710,774,698710712454139905
1608,425,698703483621523456
1400,388,698635131305795584
2536,704,698549713696649216
2046,516,698355670425473025
2485,1074,698342080612007937
5214,2268,698262614669991936
18408,6750,698195409219559425
3084,830,698178924120031232
1665,372,697995514407682048
3592,1451,697990423684476929
2638,776,697943111201378304
3313,1337,697881462549430272
1909,614,697630435728322560
3467,1144,697616773278015490
3306,1425,697596423848730625
2250,572,697575480820686848
2281,1282,697516214579523584
2662,765,697482927769255936
3748,1552,697463031882764288
5131,2087,697270446429966336
3611,1136,697259378236399616
3316,1315,697255105972801536
2753,751,697242256848379904
3492,1156,696900204696625153
2594,758,696894894812565505
5317,2016,696886256886657024
2689,802,696877980375769088
1615,396,696754882863349760
2293,1069,696744641916489729
2613,757,696713835009417216
4274,1887,696518437233913856
1339,170,696490539101908992
2788,1166,696488710901260288
3531,1284,696405997980676096
2125,750,696100768806522880
3287,1320,695816827381944320
3490,880,695794761660297217
2060,854,695767669421768709
5020,2377,695629776980148225
4787,2026,695446424020918272
9460,4017,695409464418041856
4004,1675,695314793360662529
2888,684,695095422348574720
3116,1239,695074328191332352
1771,685,695064344191721472
2918,885,695051054296211456
2965,1043,694925794720792577
3046,1053,694905863685980160
26068,13517,694669722378485760
1653,328,694356675654983680
2244,700,694352839993344000
1727,557,694342028726001664
2203,569,694329668942569472
4582,2297,694206574471057408
3236,1040,694183373896572928
3705,1176,694001791655137281
2044,457,693993230313091072
1896,413,693942351086120961
2961,673,693647888581312512
1473,150,693644216740769793
2790,472,693642232151285760
2685,894,693629975228977152
1691,422,693622659251335168
5565,2233,693590843962331137
1802,292,693582294167244802
1941,698,693486665285931008
3669,1403,693280720173801472
2622,925,693267061318012928
2459,568,693262851218264065
3133,841,693231807727280129
8668,3622,693155686491000832
1889,695,693109034023534592
2056,523,693095443459342336
2926,838,692919143163629568
2683,998,692905862751522816
1971,682,692901601640583168
2511,910,692894228850999298
3148,998,692828166163931137
7496,4124,692752401762250755
4739,1737,692568918515392513
3504,1529,692535307825213440
2021,474,692530551048294401
1618,265,692423280028966913
10275,3917,692417313023332352
2768,929,692187005137076224
2369,896,692158366030913536
1798,438,692142790915014657
3724,1424,692041934689402880
3153,1081,692017291282812928
4329,1860,691820333922455552
8910,4732,691793053716221953
3179,1161,691756958957883396
2116,577,691675652215414786
2608,656,691483041324204033
4449,1294,691459709405118465
2890,955,691444869282295808
21253,8689,691416866452082688
2828,747,691321916024623104
3253,1019,691096613310316544
1867,385,691090071332753408
6513,3282,690989312272396288
3902,1421,690959652130045952
4536,2245,690938899477221376
3602,1143,690932576555528194
4134,1442,690735892932222976
2384,597,690728923253055490
2547,898,690690673629138944
1435,325,690649993829576704
313,19,690607260360429569
2163,681,690597161306841088
2041,509,690400367696297985
3560,972,690374419777196032
2925,1006,690360449368465409
1644,573,690348396616552449
1845,477,690248561355657216
3056,1180,690021994562220032
2740,836,690015576308211712
4004,1907,690005060500217858
1561,424,689999384604450816
1618,518,689993469801164801
1490,502,689977555533848577
2651,787,689905486972461056
3323,1344,689877686181715968
2369,850,689835978131935233
3501,1052,689661964914655233
11394,4412,689659372465688576
2467,748,689623661272240129
12795,6265,689599056876867584
2257,519,689557536375177216
3735,1609,689517482558820352
2476,1056,689289219123089408
3624,1250,689283819090870273
2197,819,689280876073582592
1273,285,689275259254616065
2805,1212,689255633275777024
3348,1128,689154315265683456
2232,579,689143371370250240
3003,983,688916208532455424
2310,874,688908934925697024
2307,890,688898160958271489
2462,792,688894073864884227
1508,420,688828561667567616
1043,227,688804835492233216
2434,759,688789766343622656
2862,789,688547210804498433
2520,825,688519176466644993
10180,5035,688385280030670848
2426,937,688211956440801280
2328,669,688179443353796608
3093,888,688116655151435777
1878,408,688064179421470721
6009,2872,687841446767013888
2989,1292,687826841265172480
2758,1080,687818504314159109
2625,801,687807801670897665
1935,750,687732144991551489
2660,950,687704180304273409
2121,576,687664829264453632
2104,654,687494652870668288
1760,281,687480748861947905
2187,619,687476254459715584
2243,614,687460506001633280
2081,702,687399393394311168
22073,10411,687317306314240000
4777,2146,687312378585812992
6004,2591,687127927494963200
2371,577,687124485711986689
6370,2803,687109925361856513
2571,1124,687102708889812993
2449,695,687096057537363968
9433,3582,686947101016735744
3852,1551,686760001961103360
3812,1666,686749460672679938
4543,1350,686730991906516992
3072,912,686683045143953408
4042,1544,686618349602762752
2071,607,686606069955735556
1928,769,686394059078897668
3553,996,686386521809772549
2433,637,686377065986265092
2398,776,686358356425093120
4392,1887,686286779679375361
2420,836,686050296934563840
1274,138,686035780142297088
3424,1324,686034024800862208
2704,472,686007916130873345
2009,735,686003207160610816
2326,611,685973236358713344
1801,696,685943807276412928
8277,3303,685906723014619143
2069,140,685681090388975616
2579,666,685667379192414208
3557,1656,685663452032069632
3218,885,685641971164143616
35052,17465,685547936038666240
3336,1298,685532292383666176
10471,4535,685325112850124800
2910,735,685321586178670592
3676,1234,685315239903100929
2262,496,685307451701334016
3419,1371,685268753634967552
2566,764,685198997565345792
4489,1620,685169283572338688
2374,421,684969860808454144
7004,3487,684959798585110529
3523,1191,684940049151070208
3849,552,684926975086034944
3848,1662,684914660081053696
2053,605,684902183876321280
2305,936,684880619965411328
38551,24514,684830982659280897
2979,1124,684800227459624960
9843,4016,684594889858887680
4489,1592,684588130326986752
3312,1418,684567543613382656
2915,1085,684538444857667585
4249,1320,684481074559381504
2169,628,684460069371654144
8999,3727,684241637099323392
1369,239,684225744407494656
4225,1563,684222868335505415
2394,1177,684200372118904832
2108,595,684195085588783105
3831,1343,684188786104872960
2215,764,684177701129875456
3265,1703,684147889187209216
2176,539,684122891630342144
4515,1621,684097758874210310
4163,1262,683857920510050305
2111,397,683852578183077888
2896,1116,683849932751646720
2880,1265,683834909291606017
3053,1195,683828599284170753
3684,1533,683773439333797890
7162,3781,683742671509258241
8058,3291,683515932363329536
3469,1095,683498322573824003
2878,1118,683481228088049664
2676,761,683462770029932544
4290,1837,683449695444799489
8356,2702,683391852557561860
3238,1059,683357973142474752
3162,1173,683142553609318400
3736,1034,683111407806746624
2361,736,683098815881154561
2176,634,683078886620553216
2370,832,683030066213818368
26239,15043,682962037429899265
1953,210,682808988178739200
2706,1258,682788441537560576
1674,494,682750546109968385
1440,397,682697186228989953
3326,1207,682662431982772225
2266,675,682638830361513985
3769,1320,682429480204398592
8319,2019,682406705142087680
2441,773,682393905736888321
1828,518,682389078323662849
3389,1135,682303737705140231
4578,1375,682259524040966145
3566,1341,682242692827447297
20108,11271,682088079302213632
5442,1915,682059653698686977
3525,1088,682047327939461121
7223,2294,682032003584274432
3464,1722,682003177596559360
3043,1161,681981167097122816
2706,951,681891461017812993
14010,4581,681694085539872773
1923,499,681679526984871937
2903,1045,681654059175129088
2100,533,681610798867845120
3893,1489,681579835668455424
15749,6620,681523177663676416
1803,313,681340665377193984
10202,4598,681339448655802368
2918,863,681320187870711809
4347,2072,681302363064414209
3490,1091,681297372102656000
3520,1258,681281657291280384
1597,308,681261549936340994
1645,624,681242418453299201
2629,540,681231109724700672
4077,1691,681193455364796417
2665,749,680970795137544192
4986,2243,680959110691590145
3544,1225,680940246314430465
2285,497,680934982542561280
2609,705,680913438424612864
1945,418,680889648562991104
3766,1513,680836378243002368
2370,751,680805554198020098
2600,925,680801747103793152
3134,1182,680798457301471234
2906,816,680609293079592961
3939,1514,680583894916304897
4639,2162,680497766108381184
1879,542,680494726643068929
2778,844,680473011644985345
1583,564,680440374763077632
1598,329,680221482581123072
3115,1323,680206703334408192
2356,577,680191257256136705
4263,1760,680176173301628928
2538,828,680161097740095489
3955,1972,680145970311643136
2519,1078,680130881361686529
2972,1028,680115823365742593
3891,1554,680100725817409536
13959,10034,680085611152338944
2818,994,680070545539371008
18278,8067,680055455951884288
2155,726,679877062409191424
2365,749,679872969355714560
2678,706,679862121895714818
3143,1402,679854723806179328
2593,887,679844490799091713
39726,15839,679828447187857408
3390,1281,679777920601223168
2311,918,679736210798047232
2367,937,679729593985699840
1817,539,679722016581222400
5208,2347,679530280114372609
2892,823,679527802031484928
3711,1461,679511351870550016
3484,1673,679503373272485890
2304,728,679475951516934144
34856,21324,679462823135686656
2594,1364,679405845277462528
23568,9193,679158373988876288
3028,1163,679148763231985668
3253,1314,679132435750195208
6514,2893,679111216690831360
18712,9299,679062614270468097
2460,781,679047485189439488
3075,1378,679001094530465792
2537,1333,678991772295516161
1796,528,678969228704284672
2810,1018,678800283649069056
3804,1350,678798276842360832
3037,1043,678774928607469569
3864,1553,678767140346941444
1788,544,678764513869611008
7802,3741,678755239630127104
4099,1926,678740035362037760
6082,2753,678708137298427904
3155,1680,678675843183484930
2250,489,678643457146150913
4358,1785,678446151570427904
5916,2880,678424312106393600
4640,2072,678410210315247616
61794,30742,678399652199309312
1731,478,678396796259975168
2044,473,678389028614488064
2655,1020,678380236862578688
1896,612,678341075375947776
1427,304,678334497360859136
12531,6857,678278586130948096
1726,418,678255464182861824
2095,439,678023323247357953
15018,7148,678021115718029313
3701,1879,677961670166224897
1476,463,677918531514703872
5275,2384,677895101218201600
3323,1104,677716515794329600
3689,1622,677700003327029250
1332,363,677698403548192770
2681,950,677687604918272002
3603,1677,677673981332312066
2134,1101,677662372920729601
2040,886,677644091929329666
2322,819,677573743309385728
1409,513,677565715327688705
2665,1322,677557565589463040
7568,4076,677547928504967168
1161,250,677530072887205888
3328,2017,677335745548390400
1477,328,677334615166730240
1189,265,677331501395156992
3938,1693,677328882937298944
1799,611,677314812125323265
1362,471,677301033169788928
2164,790,677269281705472000
3837,1840,677228873407442944
2981,1033,677187300187611136
3015,1203,676975532580409345
2395,907,676957860086095872
1413,448,676949632774234114
2354,980,676948236477857792
1844,426,676946864479084545
2261,855,676942428000112642
13809,5515,676936541936185344
3231,2002,676916996760600576
2426,817,676897532954456065
2294,808,676864501615042560
25124,17605,676821958043033607
1957,741,676819651066732545
1536,469,676811746707918848
5405,2249,676776431406465024
3149,1108,676617503762681856
1183,219,676613908052996102
2039,490,676606785097199616
1280,440,676603393314578432
4954,2410,676593408224403456
1001,142,676590572941893632
2533,896,676588346097852417
1310,312,676582956622721024
2807,1254,676575501977128964
2025,621,676533798876651520
1641,602,676496375194980353
12616,5224,676470639084101634
1863,748,676440007570247681
1526,385,676430933382295552
2243,609,676263575653122048
1335,331,676237365392908289
67100,31989,676219687039057920
1881,661,676215927814406144
2478,1145,676191832485810177
2077,744,676146341966438401
2335,1297,676121918416756736
3042,1284,676101918813499392
3279,1623,676098748976615425
1431,483,676089483918516224
1774,653,675898130735476737
2297,976,675891555769696257
2581,1067,675888385639251968
4531,1570,675878199931371520
1783,632,675870721063669760
2927,1460,675853064436391936
1027,172,675849018447167488
2477,1000,675845657354215424
1652,591,675822767435051008
1140,260,675820929667219457
11101,3787,675798442703122432
1750,537,675781562965868544
1257,388,675740360753160193
2046,928,675710890956750848
2154,771,675707330206547968
693,106,675706639471788032
1953,470,675534494439489536
1276,428,675531475945709568
1122,316,675522403582218240
1414,507,675517828909424640
18482,6485,675501075957489664
3397,1443,675497103322386432
1406,672,675489971617296384
1985,1081,675483430902214656
1623,627,675432746517426176
1838,563,675372240448454658
1136,262,675362609739206656
35178,18963,675354435921575936
4237,2532,675349384339542016
3007,1436,675334060156301312
3920,1795,675166823650848770
6072,2734,675153376133427200
4037,1878,675149409102012420
1026,273,675147105808306176
1300,349,675146535592706048
2305,1011,675145476954566656
1398,542,675135153782571009
2120,877,675113801096802304
1042,283,675111688094527488
3006,1259,675109292475830276
1141,366,675047298674663426
2918,1335,675015141583413248
1057,252,675006312288268288
1672,517,675003128568291329
2433,1232,674999807681908736
934,391,674805413498527744
3240,949,674800520222154752
2697,1225,674793399141146624
1180,278,674790488185167872
871,230,674788554665512960
2169,1335,674781762103414784
1213,532,674774481756377088
1981,883,674767892831932416
852,263,674764817387900928
1456,488,674754018082705410
1580,516,674752233200820224
1514,607,674743008475090944
527,55,674742531037511680
1194,437,674739953134403584
693,103,674737130913071104
1237,510,674690135443775488
1751,729,674670581682434048
994,276,674664755118911488
1533,557,674646392044941312
1111,311,674644256330530816
1806,650,674638615994089473
1617,637,674632714662858753
1013,115,674606911342424069
6676,2275,674468880899788800
1137,393,674447403907457024
1198,426,674436901579923456
1536,592,674422304705744896
731,157,674416750885273600
1289,515,674410619106390016
1607,635,674394782723014656
931,346,674372068062928900
602,83,674330906434379776
1516,570,674318007229923329
12129,7641,674307341513269249
15817,6533,674291837063053312
1682,800,674271431610523648
961,255,674269164442398721
1766,936,674265582246694913
1391,498,674262580978937856
1581,619,674255168825880576
804,186,674082852460433408
1047,316,674075285688614912
6769,2450,674063288070742018
3576,1441,674053186244734976
1564,530,674051556661161984
1520,710,674045139690631169
772,142,674042553264685056
1176,456,674038233588723717
906,240,674036086168010753
1914,1360,674024893172875264
1208,340,674019345211760640
1676,714,674014384960745472
1297,393,674008982932058114
2091,1069,673956914389192708
1251,401,673919437611909120
3406,1799,673906403526995968
994,274,673887867907739649
3289,843,673716320723169284
3815,2303,673715861853720576
1114,325,673711475735838725
908,306,673709992831262724
1153,315,673708611235921920
1177,434,673707060090052608
1337,439,673705679337693185
1532,638,673700254269775872
4067,2165,673697980713705472
1855,700,673689733134946305
1325,534,673688752737402881
1544,479,673686845050527744
1460,521,673680198160809984
1339,397,673662677122719744
769,265,673656262056419329
1194,404,673636718965334016
1691,802,673612854080196609
1273,403,673583129559498752
882,297,673580926094458881
1482,613,673576835670777856
1088,338,673363615379013632
1558,728,673359818736984064
1606,652,673355879178194945
1761,597,673352124999274496
784,229,673350198937153538
2700,1422,673345638550134785
1038,289,673343217010679808
1362,649,673342308415348736
14441,8705,673320132811366400
924,293,673317986296586240
8046,3484,673295268553605120
1134,400,673270968295534593
1510,798,673240798075449344
2410,929,673213039743795200
1822,688,673148804208660480
2092,786,672997845381865473
1001,328,672995267319328768
1039,314,672988786805112832
1338,593,672984142909456390
1930,1079,672980819271634944
1813,1015,672975131468300288
1019,391,672970152493887488
1405,602,672968025906282496
1530,701,672964561327235073
1452,550,672902681409806336
944,459,672898206762672129
1661,897,672884426393653248
1096,405,672877615439593473
1398,623,672834301050937345
1343,533,672828477930868736
1032,348,672640509974827008
1377,542,672622327801233409
1302,644,672614745925664768
1180,424,672609152938721280
1188,445,672604026190569472
1411,661,672594978741354496
1014,367,672591762242805761
782,207,672591271085670400
1089,404,672538107540070400
696,189,672523490734551040
1187,482,672488522314567680
1221,665,672482722825261057
757,137,672481316919734272
1529,770,672475084225949696
1447,598,672466075045466113
6888,3677,672272411274932228
1588,666,672267570918129665
1212,383,672264251789176834
2999,1699,672256522047614977
1515,800,672254177670729728
1833,656,672248013293752320
733,169,672245253877968896
953,347,672239279297454080
1956,1089,672231046314901505
833,231,672222792075620352
2414,1270,672205392827572224
1074,408,672169685991993344
918,395,672160042234327040
1876,792,672139350159835138
2578,1253,672125275208069120
1063,395,672095186491711488
1003,402,672082170312290304
1389,564,672068090318987265
9016,4519,671896809300709376
1415,618,671891728106971137
3693,1488,671882082306625538
1507,748,671879137494245376
1330,601,671874878652489728
1191,548,671866342182637568
977,502,671855973984772097
7527,3811,671789708968640512
1269,572,671768281401958400
1788,999,671763349865160704
1430,841,671744970634719232
779,248,671743150407421952
1534,819,671735591348891648
9119,4795,671729906628341761
13679,7931,671561002136281088
967,229,671550332464455680
1444,658,671547767500775424
2126,1145,671544874165002241
1166,616,671542985629241344
993,436,671538301157904385
1253,441,671536543010570240
1092,631,671533943490011136
896,280,671528761649688577
1499,582,671520732782923777
1010,319,671518598289059840
1734,791,671511350426865664
7495,3866,671504605491109889
980,481,671497587707535361
1073,516,671488513339211776
621,226,671486386088865792
806,253,671485057807351808
1513,805,671390180817915904
1193,325,671362598324076544
426,157,671357843010908160
508,119,671355857343524864
1031,476,671347597085433856
788,241,671186162933985280
1193,378,671182547775299584
931,390,671166507850801152
1763,1198,671163268581498880
401,89,671159727754231808
769,241,671154572044468225
714,166,671151324042559489
713,254,671147085991960577
1246,713,671141549288370177
996,448,671138694582165504
796,212,671134062904504320
3729,2763,671122204919246848
1436,842,671115716440031232
1225,478,671109016219725825
1175,317,670995969505435648
7989,4324,670842764863651840
634,213,670840546554966016
1189,758,670838202509447168
474,135,670833812859932673
780,242,670832455012716544
5961,4485,670826280409919488
824,205,670823764196741120
647,105,670822709593571328
3410,1708,670815497391357952
1202,295,670811965569282048
1234,546,670807719151067136
2098,1035,670804601705242624
362,95,670803562457407488
780,262,670797304698376195
889,298,670792680469889025
700,255,670789397210615808
640,218,670786190031921152
872,431,670783437142401025
1691,863,670782429121134593
831,317,670780561024270336
345,77,670778058496974848
1154,466,670764103623966721
475,123,670755717859713024
1030,558,670733412878163972
887,403,670727704916926465
1301,547,670717338665226240
814,405,670704688707301377
632,266,670691627984359425
799,315,670679630144274432
267,45,670676092097810432
11452,5537,670668383499735048
1635,835,670474236058800128
375,90,670468609693655041
1048,608,670465786746662913
580,225,670452855871037440
1264,729,670449342516494336
7120,2153,670444955656130560
690,213,670442337873600512
1127,570,670435821946826752
1501,708,670434127938719744
345,122,670433248821026816
1484,694,670428280563085312
551,179,670427002554466305
1415,709,670421925039075328
668,342,670420569653809152
604,350,670417414769758208
2176,991,670411370698022913
600,249,670408998013820928
460,173,670403879788544000
593,234,670385711116361728
785,295,670374371102445568
344,71,670361874861563904
451,122,670338931251150849
4110,1359,670319130621435904
452,151,670303360680108032
750,315,670290420111441920
1106,365,670093938074779648
740,275,670086499208155136
2390,1373,670079681849372674
1674,874,670073503555706880
676,278,670069087419133954
822,373,670061506722140161
716,357,670055038660800512
684,191,670046952931721218
801,118,670040295598354432
625,306,670037189829525505
352,100,670003130994700288
344,92,669993076832759809
471,175,669972011175813120
317,65,669970042633789440
536,183,669942763794931712
400,115,669926384437997569
250,64,669923323644657664
858,431,669753178989142016
289,71,669749430875258880
551,99,669684865554620416
412,119,669683899023405056
375,146,669682095984410625
712,311,669680153564442624
860,482,669661792646373376
3769,1963,669625907762618368
1006,401,669603084620980224
550,163,669597912108789760
1587,1017,669583744538451968
467,156,669573570759163904
1684,1085,669571471778410496
248,61,669567591774625800
413,133,669564461267722241
383,83,669393256313184256
1425,792,669375718304980992
524,196,669371483794317312
485,172,669367896104181761
669,252,669363888236994561
390,134,669359674819481600
2889,1390,669354382627049472
687,281,669353438988365824
474,207,669351434509529089
1081,452,669328503091937280
610,127,669327207240699904
525,223,669324657376567296
958,422,669216679721873412
468,183,669214165781868544
1074,522,669203728096960512
698,336,669037058363662336
785,403,669015743032369152
610,269,669006782128353280
22118,6965,669000397445533696
468,254,668994913074286592
802,381,668992363537309700
726,356,668989615043424256
961,516,668988183816871936
578,183,668986018524233728
573,340,668981893510119424
842,382,668979806671884288
1386,641,668975677807423489
161,25,668967877119254528
757,263,668960084974809088
300,77,668955713004314625
284,63,668932921458302977
338,107,668902994700836864
422,164,668892474547511297
566,322,668872652652679168
479,184,668852170888998912
467,150,668826086256599040
610,291,668815180734689280
749,409,668779399630725120
562,233,668655139528511488
962,588,668645506898350081
939,576,668643542311546881
1145,573,668641109086707712
1114,528,668636665813057536
3024,1788,668633411083464705
763,349,668631377374486528
341,123,668627278264475648
417,140,668625577880875008
1551,851,668623201287675904
211,45,668620235289837568
654,341,668614819948453888
1760,1174,668587383441514497
265,62,668567822092664832
561,250,668544745690562560
497,231,668542336805281792
265,79,668537837512433665
496,242,668528771708952576
345,116,668507509523615744
436,146,668496999348633600
453,253,668484198282485761
491,162,668480044826800133
936,560,668466899341221888
656,319,668297328638447616
264,34,668291999406125056
535,149,668286279830867968
886,248,668274247790391296
592,261,668268907921326080
1385,667,668256321989451776
1056,523,668248472370458624
6614,3100,668237644992782336
323,115,668226093875376128
537,215,668221241640230912
586,206,668204964695683073
696,210,668190681446379520
525,208,668171859951755264
522,336,668154635664932864
592,306,668142349051129856
709,265,668113020489474048
1356,866,667937095915278337
318,119,667924896115245057
222,59,667915453470232577
523,329,667911425562669056
905,396,667902449697558528
2011,1180,667886921285246976
868,530,667885044254572545
409,127,667878741721415682
667,440,667873844930215936
3172,1110,667866724293877760
253,86,667861340749471744
303,68,667832474953625600
1111,535,667806454573760512
346,101,667801013445750784
736,358,667793409583771648
434,261,667782464991965184
243,61,667773195014021121
476,243,667766675769573376
398,162,667728196545200128
517,341,667724302356258817
0,37,667550904950915073
0,34,667550882905632768
6138,2454,667549055577362432
355,138,667546741521195010
917,568,667544320556335104
220,72,667538891197542400
866,576,667534815156183040
501,264,667530908589760512
1798,1198,667524857454854144
389,203,667517642048163840
7148,2272,667509364010450944
563,231,667502640335572993
565,294,667495797102141441
559,242,667491009379606528
273,102,667470559035432960
203,66,667455448082227200
327,96,667453023279554560
833,620,667443425659232256
483,257,667437278097252352
326,89,667435689202614272
489,234,667405339315146752
211,60,667393430834667520
385,173,667369227918143488
516,258,667211855547486208
658,282,667200525029539841
414,115,667192066997374976
784,449,667188689915760640
15075,6618,667182792070062081
200,58,667177989038297088
640,484,667176164155375616
262,88,667174963120574464
235,97,667171260800061440
2819,1241,667165590075940865
268,66,667160273090932737
49720,18285,667152164079423490
4851,2387,667138269671505920
346,135,667119796878725120
349,132,667090893657276420
425,134,667073648344346624
88,14,667070482143944705
175,51,667065535570550784
227,57,667062181243039745
198,54,667044094246576128
471,237,667012601033924608
258,102,666996132027977728
2679,1040,666983947667116034
857,584,666837028449972224
222,83,666835007768551424
266,105,666826780179869698
540,267,666817836334096384
250,95,666804364988780544
800,521,666786068205871104
404,211,666781792255496192
368,186,666776908487630848
244,71,666739327293083650
449,234,666701168228331520
196,51,666691418707132416
923,608,666649482315059201
238,88,666644823164719104
545,223,666454714377183233
107,23,666447344410484738
131,52,666437273139982337
170,54,666435652385423360
330,204,666430724426358785
171,90,666428276349472768
327,118,666421158376562688
129,48,666418789513326592
459,339,666411507551481857
113,44,666407126856765440
172,92,666396247373291520
194,100,666373753744588802
804,595,666362758909284353
229,77,666353288456101888
307,146,666345417576210432
204,96,666337882303524864
522,368,666293911632134144
152,71,666287406224695296
184,82,666273097616637952
108,37,666268910803644416
14765,6871,666104133288665088
81,16,666102155909144576
164,73,666099513787052032
169,79,666094000022159362
121,47,666082916733198337
335,174,666073100786774016
154,67,666071193221509120
496,232,666063827256086533
115,61,666058600524156928
304,146,666057090499244032
448,261,666055525042405380
1253,879,666051853826850816
136,60,666050758794694657
111,41,666049248165822465
311,147,666044226329800704
128,47,666033412701032449
132,48,666029285002620928
2535,532,666020888022790149
